Batsman,Batting_Position,runs_scored,balls_faced,4s,6s,Team,opponent,out,venue,won
Rohit Sharma,1,15,18,1,1,MI,CSK,1,Wankhade,0
Evin Lewis,2,0,2,0,0,MI,CSK,1,Wankhade,0
Ishan Kishan,3,40,29,4,1,MI,CSK,1,Wankhade,0
SK Yadav,4,43,29,6,1,MI,CSK,1,Wankhade,0
Hardik Pandya,5,22,20,2,0,MI,CSK,0,Wankhade,0
Krunal Pandya,6,41,22,5,2,MI,CSK,0,Wankhade,0
Shane Watson,1,16,14,1,1,CSK,MI,1,Wankhade,1
Ambati Rayudu,2,22,19,4,0,CSK,MI,1,Wankhade,1
Suresh Raina,3,4,6,0,0,CSK,MI,1,Wankhade,1
Kedar Jadhav,4,24,22,1,2,CSK,MI,0,Wankhade,1
MS Dhoni,5,5,5,0,0,CSK,MI,1,Wankhade,1
R Jadeja,6,12,13,1,0,CSK,MI,1,Wankhade,1
DJ Bravo,7,68,30,3,7,CSK,MI,1,Wankhade,1
Deepak Chahar,8,0,1,0,0,CSK,MI,1,Wankhade,1
Harbhajan Singh,9,8,5,1,0,CSK,MI,1,Wankhade,1
Mark Wood,10,1,3,0,0,CSK,MI,1,Wankhade,1
Imran Tahir,11,2,2,0,0,CSK,MI,0,Wankhade,1
Colin Munro,1,4,6,0,0,DD,KXIP,1,Mohali,0
Gautam Gambhir,2,55,42,5,1,DD,KXIP,1,Mohali,0
Shreyas Iyer,3,11,11,0,1,DD,KXIP,1,Mohali,0
Vijay Shankar,4,13,13,0,0,DD,KXIP,1,Mohali,0
Rishab Pant,5,28,13,4,1,DD,KXIP,1,Mohali,0
Rahul Thewatia,6,9,7,1,0,DD,KXIP,1,Mohali,0
Chris Morris,7,27,16,1,1,DD,KXIP,0,Mohali,0
Dan Christian,8,13,13,0,1,DD,KXIP,1,Mohali,0
KL Rahul,1,51,16,6,4,KXIP,DD,1,Mohali,1
Mayank Agarwal,2,7,5,0,1,KXIP,DD,1,Mohali,1
Yuvraj Singh,3,12,22,2,0,KXIP,DD,1,Mohali,1
Karun Nair,4,50,33,5,2,KXIP,DD,1,Mohali,1
David Miller,5,24,23,1,0,KXIP,DD,0,Mohali,1
Marcus Stoinis,6,22,15,2,0,KXIP,DD,0,Mohali,1
McCullum,1,43,27,6,2,RCB,KKR,1,Eden Gardens,0
Decock,2,4,4,1,0,RCB,KKR,1,Eden Gardens,0
Virat Kohli,3,31,33,1,1,RCB,KKR,1,Eden Gardens,0
AB Devilliers,4,44,23,1,5,RCB,KKR,1,Eden Gardens,0
Sarfraz Khan,5,6,10,0,0,RCB,KKR,1,Eden Gardens,0
Mandeep Singh,6,37,18,4,2,RCB,KKR,1,Eden Gardens,0
Chris Woakes,7,5,5,1,0,RCB,KKR,1,Eden Gardens,0
Washington Sunder,8,0,0,0,0,RCB,KKR,0,Eden Gardens,0
Sunil Narine,1,50,19,4,5,KKR,RCB,1,Eden Gardens,1
Chris Lynn,2,5,8,1,0,KKR,RCB,1,Eden Gardens,1
Robin Uthappa,3,13,12,0,1,KKR,RCB,1,Eden Gardens,1
Nitesh Rana,4,34,25,2,2,KKR,RCB,1,Eden Gardens,1
Dinesh Karthik,5,35,29,4,0,KKR,RCB,0,Eden Gardens,1
Rinku Singh,6,6,6,1,0,KKR,RCB,1,Eden Gardens,1
Russel,7,15,11,2,1,KKR,RCB,1,Eden Gardens,1
Vinay Kumar,8,6,3,1,0,KKR,RCB,0,Eden Gardens,1
Ajinkya Rahane,1,13,13,2,0,RR,SRH,1,Hyderabad,0
Darcy Short,2,4,4,1,0,RR,SRH,1,Hyderabad,0
Sanju Samson,3,49,42,5,0,RR,SRH,1,Hyderabad,0
Ben Stokes,4,5,8,0,0,RR,SRH,1,Hyderabad,0
Rahul Tripathi,5,17,15,2,0,RR,SRH,1,Hyderabad,0
Jos Butler,6,6,9,0,0,RR,SRH,1,Hyderabad,0
K Gowtham,7,0,2,0,0,RR,SRH,1,Hyderabad,0
Shreyas Gopal,8,18,18,2,0,RR,SRH,1,Hyderabad,0
Dhawal Kulkarni,9,3,4,0,0,RR,SRH,0,Hyderabad,0
Jayadev Unadkat,10,1,2,0,0,RR,SRH,1,Hyderabad,0
Ben Laughlin,11,1,3,0,0,RR,SRH,0,Hyderabad,0
Saha,1,5,5,1,0,SRH,RR,1,Hyderabad,1
Shikhar Dhawan,2,78,57,13,1,SRH,RR,0,Hyderabad,1
Kane Williamson,3,36,35,3,3,SRH,RR,0,Hyderabad,1
Chris Lynn,1,22,16,4,0,KKR,CSK,1,Chennai,0
Sunil Narine,2,12,4,0,2,KKR,CSK,1,Chennai,0
Robin Uthappa,3,29,16,2,3,KKR,CSK,1,Chennai,0
Nitesh Rana,4,16,14,2,0,KKR,CSK,1,Chennai,0
Dinesh Karthik,5,26,25,2,1,KKR,CSK,1,Chennai,0
Rinku Singh,6,2,4,0,0,KKR,CSK,1,Chennai,0
Russel,7,88,36,1,11,KKR,CSK,0,Chennai,0
Tom Curran,8,2,5,0,0,KKR,CSK,0,Chennai,0
Shane Watson,1,42,19,3,3,CSK,KKR,1,Chennai,1
Ambati Rayudu,2,39,26,3,2,CSK,KKR,1,Chennai,1
Suresh Raina,3,14,12,0,1,CSK,KKR,1,Chennai,1
MS Dhoni,4,25,28,1,1,CSK,KKR,1,Chennai,1
Sam Billings,5,56,23,2,5,CSK,KKR,1,Chennai,1
R Jadeja,6,11,7,0,1,CSK,KKR,0,Chennai,1
DJ Bravo,7,11,5,0,1,CSK,KKR,0,Chennai,1
Ajinkya Rahane,1,45,40,5,0,RR,DD,1,Jaipur,1
Darcy Short,2,6,3,1,0,RR,DD,1,Jaipur,1
Ben Stokes,3,16,12,1,1,RR,DD,1,Jaipur,1
Sanju Samson,4,37,22,2,2,RR,DD,1,Jaipur,1
Jos Butler,5,29,18,2,2,RR,DD,1,Jaipur,1
Rahul Tripathi,6,15,11,0,1,RR,DD,0,Jaipur,1
K Gowtham,7,2,1,0,0,RR,DD,0,Jaipur,1
Glenn Maxwell,1,17,12,2,1,DD,RR,1,Jaipur,0
Colin Munro,2,0,0,0,0,DD,RR,1,Jaipur,0
Rishab Pant,3,20,14,3,0,DD,RR,1,Jaipur,0
Chris Morris,4,17,7,2,1,DD,RR,0,Jaipur,0
Vijay Shankar,5,3,3,0,0,DD,RR,1,Jaipur,0
Shreyas Iyer,6,0,0,0,0,DD,RR,0,Jaipur,0
Rohit Sharma,1,11,10,1,1,MI,SRH,1,Hyderabad,0
Evin Lewis,2,29,17,3,2,MI,SRH,1,Hyderabad,0
Ishan Kishan,3,9,9,2,0,MI,SRH,1,Hyderabad,0
SK Yadav,4,28,31,2,1,MI,SRH,1,Hyderabad,0
Krunal Pandya,5,15,10,2,0,MI,SRH,1,Hyderabad,0
Pollard,6,28,23,3,2,MI,SRH,1,Hyderabad,0
Ben Cutting,7,9,9,1,0,MI,SRH,1,Hyderabad,0
Pradeep Sangwan,8,0,4,0,0,MI,SRH,1,Hyderabad,0
Markhande,9,6,3,1,0,MI,SRH,0,Hyderabad,0
Bumrah,10,4,5,0,0,MI,SRH,0,Hyderabad,0
Saha,1,22,20,3,0,SRH,MI,1,Hyderabad,1
Shikhar Dhawan,2,45,28,8,0,SRH,MI,1,Hyderabad,1
Kane Williamson,3,6,4,1,0,SRH,MI,1,Hyderabad,1
Manish Pandey,4,11,8,1,0,SRH,MI,1,Hyderabad,1
Shakib,5,12,12,1,0,SRH,MI,1,Hyderabad,1
Deepak Hooda,6,32,25,1,1,SRH,MI,0,Hyderabad,1
Yusuf Pathan,7,14,14,2,0,SRH,MI,1,Hyderabad,1
Rashid Khan,8,0,1,0,0,SRH,MI,1,Hyderabad,1
Siddardh Kaul,9,0,4,0,0,SRH,MI,1,Hyderabad,1
Sandeep Sharma,10,0,2,0,0,SRH,MI,1,Hyderabad,1
Stanlake,11,5,2,1,0,SRH,MI,0,Hyderabad,1
KL Rahul,1,47,30,2,4,KXIP,RCB,1,Bangalore,0
Mayank Agarwal,2,15,11,3,0,KXIP,RCB,1,Bangalore,0
Aron Finch,3,0,1,0,0,KXIP,RCB,1,Bangalore,0
Yuvraj Singh,4,4,4,1,0,KXIP,RCB,1,Bangalore,0
Karun Nair,5,29,26,3,0,KXIP,RCB,1,Bangalore,0
Marcus Stoinis,6,11,9,0,1,KXIP,RCB,1,Bangalore,0
Axar Patel,7,2,3,0,0,KXIP,RCB,1,Bangalore,0
Ashwin,8,33,21,3,1,KXIP,RCB,1,Bangalore,0
Andrew Tye,9,7,7,0,0,KXIP,RCB,1,Bangalore,0
Mohit Sharma,10,1,2,0,0,KXIP,RCB,0,Bangalore,0
Mujeeb,11,0,2,0,0,KXIP,RCB,1,Bangalore,0
Decock,1,45,34,7,1,RCB,KXIP,1,Bangalore,1
McCullum,2,0,1,0,0,RCB,KXIP,1,Bangalore,1
Virat Kohli,3,21,16,4,0,RCB,KXIP,1,Bangalore,1
AB Devilliers,4,57,40,2,4,RCB,KXIP,1,Bangalore,1
Sarfraz Khan,5,0,1,0,0,RCB,KXIP,1,Bangalore,1
Mandeep Singh,6,22,19,1,0,RCB,KXIP,1,Bangalore,1
Chris Woakes,7,1,2,0,0,RCB,KXIP,0,Bangalore,1
Washington Sunder,8,9,4,2,0,RCB,KXIP,0,Bangalore,1
SK Yadav,1,53,32,7,1,MI,DD,1,Wankhade,0
Evin Lewis,2,48,28,4,4,MI,DD,1,Wankhade,0
Ishan Kishan,3,44,23,5,2,MI,DD,1,Wankhade,0
Rohit Sharma,4,18,15,2,0,MI,DD,1,Wankhade,0
Pollard,5,0,1,0,0,MI,DD,1,Wankhade,0
Krunal Pandya,6,11,10,1,0,MI,DD,1,Wankhade,0
Hardik Pandya,7,2,3,0,0,MI,DD,1,Wankhade,0
Dananjaya,8,4,5,0,0,MI,DD,0,Wankhade,0
Markhande,9,4,3,0,0,MI,DD,0,Wankhade,0
Jason Roy,1,91,53,6,6,DD,MI,0,Wankhade,1
Gautam Gambhir,2,15,16,2,0,DD,MI,1,Wankhade,1
Rishab Pant,3,47,25,6,2,DD,MI,1,Wankhade,1
Glenn Maxwell,4,13,6,1,1,DD,MI,1,Wankhade,1
Shreyas Iyer,5,27,20,3,1,DD,MI,0,Wankhade,1
Robin Uthappa,1,3,8,0,0,KKR,SRH,1,Eden Gardens,0
Chris Lynn,2,49,34,7,1,KKR,SRH,1,Eden Gardens,0
Nitesh Rana,3,18,16,2,1,KKR,SRH,1,Eden Gardens,0
Sunil Narine,4,9,10,1,0,KKR,SRH,1,Eden Gardens,0
Dinesh Karthik,5,29,27,2,1,KKR,SRH,1,Eden Gardens,0
Russel,6,9,5,0,1,KKR,SRH,1,Eden Gardens,0
Shubman Gill,7,3,9,0,0,KKR,SRH,1,Eden Gardens,0
Shivam Mavi,8,7,8,0,0,KKR,SRH,1,Eden Gardens,0
Johnson,9,4,5,0,0,KKR,SRH,0,Eden Gardens,0
Saha,1,24,15,5,0,SRH,KKR,1,Eden Gardens,1
Shikhar Dhawan,2,7,7,1,0,SRH,KKR,1,Eden Gardens,1
Kane Williamson,3,50,44,4,1,SRH,KKR,1,Eden Gardens,1
Manish Pandey,4,4,11,0,0,SRH,KKR,1,Eden Gardens,1
Shakib,5,27,21,2,1,SRH,KKR,1,Eden Gardens,1
Deepak Hooda,6,5,9,0,0,SRH,KKR,0,Eden Gardens,1
Yusuf Pathan,7,17,7,2,1,SRH,KKR,0,Eden Gardens,1
Ajinkya Rahane,1,36,20,6,1,RR,RCB,1,Bangalore,1
Darcy Short,2,11,17,1,0,RR,RCB,1,Bangalore,1
Sanju Samson,3,92,45,2,10,RR,RCB,0,Bangalore,1
Ben Stokes,4,27,21,2,1,RR,RCB,1,Bangalore,1
Jos Butler,5,23,14,2,1,RR,RCB,1,Bangalore,1
Rahul Tripathi,6,14,5,1,1,RR,RCB,0,Bangalore,1
McCullum,1,4,4,1,0,RCB,RR,1,Bangalore,0
Decock,2,26,19,4,0,RCB,RR,1,Bangalore,0
Virat Kohli,3,57,30,7,2,RCB,RR,1,Bangalore,0
AB Devilliers,4,20,18,1,1,RCB,RR,1,Bangalore,0
Mandeep Singh,5,47,25,6,1,RCB,RR,0,Bangalore,0
Pawan Negi,6,3,4,0,0,RCB,RR,1,Bangalore,0
Washington Sunder,7,35,19,1,3,RCB,RR,1,Bangalore,0
Chris Woakes,8,0,1,0,0,RCB,RR,0,Bangalore,0
KL Rahul,1,37,22,7,0,KXIP,CSK,1,Mohali,1
Chris Gayle,2,63,33,7,4,KXIP,CSK,1,Mohali,1
Mayank Agarwal,3,30,19,1,2,KXIP,CSK,1,Mohali,1
Yuvraj Singh,4,20,13,2,1,KXIP,CSK,1,Mohali,1
Aron Finch,5,0,1,0,0,KXIP,CSK,1,Mohali,1
Karun Nair,6,29,17,2,1,KXIP,CSK,1,Mohali,1
Ashwin,7,14,11,0,0,KXIP,CSK,1,Mohali,1
Andrew Tye,8,3,4,0,0,KXIP,CSK,0,Mohali,1
Sran,9,0,0,0,0,KXIP,CSK,0,Mohali,1
Shane Watson,1,11,9,2,0,CSK,KXIP,1,Mohali,0
Murali Vijay,2,12,10,0,1,CSK,KXIP,1,Mohali,0
Ambati Rayudu,3,49,35,5,1,CSK,KXIP,1,Mohali,0
Sam Billings,4,9,8,1,0,CSK,KXIP,1,Mohali,0
MS Dhoni,5,79,44,6,5,CSK,KXIP,0,Mohali,0
R Jadeja,6,19,13,1,1,CSK,KXIP,1,Mohali,0
DJ Bravo,7,1,1,0,0,CSK,KXIP,0,Mohali,0
Chris Lynn,1,31,29,4,1,KKR,DD,1,Eden Gardens,1
Sunil Narine,2,1,4,0,0,KKR,DD,1,Eden Gardens,1
Robin Uthappa,3,35,19,2,3,KKR,DD,1,Eden Gardens,1
Nitesh Rana,4,59,35,5,4,KKR,DD,1,Eden Gardens,1
Dinesh Karthik,5,19,10,2,1,KKR,DD,1,Eden Gardens,1
Russel,6,41,12,0,6,KKR,DD,1,Eden Gardens,1
Shubman Gill,7,6,5,1,0,KKR,DD,1,Eden Gardens,1
Tom Curran,8,2,3,0,0,KKR,DD,1,Eden Gardens,1
Chawla,9,0,3,0,0,KKR,DD,1,Eden Gardens,1
Shivam Mavi,10,0,0,0,0,KKR,DD,0,Eden Gardens,1
Gautam Gambhir,1,8,7,1,0,DD,KKR,1,Eden Gardens,0
Jason Roy,2,1,3,0,0,DD,KKR,1,Eden Gardens,0
Shreyas Iyer,3,4,3,1,0,DD,KKR,1,Eden Gardens,0
Rishab Pant,4,43,26,7,1,DD,KKR,1,Eden Gardens,0
Glenn Maxwell,5,47,22,3,4,DD,KKR,1,Eden Gardens,0
Rahul Thewatia,6,1,2,0,0,DD,KKR,1,Eden Gardens,0
Vijay Shankar,7,2,4,0,0,DD,KKR,1,Eden Gardens,0
Chris Morris,8,2,3,0,0,DD,KKR,1,Eden Gardens,0
Shami,9,7,6,1,0,DD,KKR,1,Eden Gardens,0
Nadeem,10,6,8,0,0,DD,KKR,0,Eden Gardens,0
Boult,11,0,2,0,0,DD,KKR,1,Eden Gardens,0
SK Yadav,1,0,1,0,0,MI,RCB,1,Wankhade,1
Evin Lewis,2,65,42,6,5,MI,RCB,1,Wankhade,1
Ishan Kishan,3,0,1,0,0,MI,RCB,1,Wankhade,1
Rohit Sharma,4,94,52,10,5,MI,RCB,1,Wankhade,1
Krunal Pandya,5,15,12,1,1,MI,RCB,1,Wankhade,1
Pollard,6,5,7,0,0,MI,RCB,1,Wankhade,1
Hardik Pandya,7,17,5,1,2,MI,RCB,0,Wankhade,1
McClenaghan,8,0,0,0,0,MI,RCB,0,Wankhade,1
Virat Kohli,1,92,62,7,4,RCB,MI,0,Wankhade,0
Decock,2,19,12,2,1,RCB,MI,1,Wankhade,0
AB Devilliers,3,1,2,0,0,RCB,MI,1,Wankhade,0
Mandeep Singh,4,16,14,1,0,RCB,MI,1,Wankhade,0
Corey Anderson,5,0,1,0,0,RCB,MI,1,Wankhade,0
Washington Sunder,6,7,8,1,0,RCB,MI,1,Wankhade,0
Sarfraz Khan,7,5,6,1,0,RCB,MI,1,Wankhade,0
Chris Woakes,8,11,11,0,1,RCB,MI,1,Wankhade,0
Umesh Yadav,9,1,2,0,0,RCB,MI,1,Wankhade,0
Siraj,10,8,3,0,1,RCB,MI,0,Wankhade,0
Ajinkya Rahane,1,36,19,5,1,RR,KKR,1,Jaipur,0
Darcy Short,2,44,43,5,1,RR,KKR,1,Jaipur,0
Sanju Samson,3,7,8,1,0,RR,KKR,1,Jaipur,0
Rahul Tripathi,4,15,11,2,0,RR,KKR,1,Jaipur,0
Ben Stokes,5,14,11,0,1,RR,KKR,1,Jaipur,0
Jos Butler,6,24,18,2,0,RR,KKR,0,Jaipur,0
K Gowtham,7,12,7,0,1,RR,KKR,1,Jaipur,0
Shreyas Gopal,8,0,1,0,0,RR,KKR,1,Jaipur,0
Dhawal Kulkarni,9,3,3,0,0,RR,KKR,1,Jaipur,0
Jayadev Unadkat,10,0,0,0,0,RR,KKR,0,Jaipur,0
Sunil Narine,1,35,25,5,1,KKR,RR,1,Jaipur,1
Chris Lynn,2,0,2,0,0,KKR,RR,1,Jaipur,1
Robin Uthappa,3,48,36,6,2,KKR,RR,1,Jaipur,1
Nitesh Rana,4,35,27,2,1,KKR,RR,0,Jaipur,1
Dinesh Karthik,5,42,23,2,2,KKR,RR,0,Jaipur,1
KL Rahul,1,18,21,3,0,KXIP,SRH,1,Mohali,1
Chris Gayle,2,104,63,1,11,KXIP,SRH,0,Mohali,1
Mayank Agarwal,3,18,9,2,1,KXIP,SRH,1,Mohali,1
Karun Nair,4,31,21,3,1,KXIP,SRH,1,Mohali,1
Aron Finch,5,14,6,1,1,KXIP,SRH,0,Mohali,1
Saha,1,6,7,1,0,SRH,KXIP,1,Mohali,0
Shikhar Dhawan,2,0,1,0,0,SRH,KXIP,0,Mohali,0
Kane Williamson,3,54,41,3,2,SRH,KXIP,1,Mohali,0
Yusuf Pathan,4,19,13,3,0,SRH,KXIP,1,Mohali,0
Manish Pandey,5,57,42,3,1,SRH,KXIP,0,Mohali,0
Deepak Hooda,6,5,5,0,0,SRH,KXIP,1,Mohali,0
Shakib,7,24,12,1,2,SRH,KXIP,0,Mohali,0
Shane Watson,1,106,57,9,6,CSK,RR,1,Pune,1
Ambati Rayudu,2,12,8,2,0,CSK,RR,1,Pune,1
Suresh Raina,3,46,29,9,0,CSK,RR,1,Pune,1
MS Dhoni,4,5,3,1,0,CSK,RR,1,Pune,1
Sam Billings,5,3,7,0,0,CSK,RR,1,Pune,1
DJ Bravo,6,24,16,4,0,CSK,RR,0,Pune,1
R Jadeja,7,2,1,0,0,CSK,RR,0,Pune,1
Ajinkya Rahane,1,16,11,1,1,RR,CSK,1,Pune,0
Klassen,2,7,7,1,0,RR,CSK,1,Pune,0
Sanju Samson,3,2,3,0,0,RR,CSK,1,Pune,0
Ben Stokes,4,45,37,3,1,RR,CSK,1,Pune,0
Jos Butler,5,22,17,1,1,RR,CSK,1,Pune,0
Rahul Tripathi,6,5,5,0,0,RR,CSK,1,Pune,0
Binny,7,10,8,1,0,RR,CSK,1,Pune,0
K Gowtham,8,1,2,0,0,RR,CSK,1,Pune,0
Shreyas Gopal,9,8,10,0,0,RR,CSK,0,Pune,0
Jayadev Unadkat,10,16,10,3,0,RR,CSK,1,Pune,0
Ben Laughlin,11,0,1,0,0,RR,CSK,1,Pune,0
Chris Lynn,1,74,41,6,4,KKR,KXIP,1,Eden Gardens,0
Sunil Narine,2,1,4,0,0,KKR,KXIP,1,Eden Gardens,0
Robin Uthappa,3,34,23,5,1,KKR,KXIP,1,Eden Gardens,0
Nitesh Rana,4,3,5,0,0,KKR,KXIP,1,Eden Gardens,0
Dinesh Karthik,5,43,28,6,0,KKR,KXIP,1,Eden Gardens,0
Russel,6,10,7,2,0,KKR,KXIP,1,Eden Gardens,0
Shubman Gill,7,14,8,2,0,KKR,KXIP,0,Eden Gardens,0
Tom Curran,8,1,3,0,0,KKR,KXIP,1,Eden Gardens,0
Chawla,9,2,2,0,0,KKR,KXIP,0,Eden Gardens,0
KL Rahul,1,60,27,9,2,KXIP,KKR,1,Eden Gardens,1
Chris Gayle,2,62,38,5,6,KXIP,KKR,0,Eden Gardens,1
Mayank Agarwal,3,2,2,0,0,KXIP,KKR,0,Eden Gardens,1
Jason Roy,1,5,16,0,0,DD,RCB,1,Bangalore,0
Gautam Gambhir,2,3,10,0,0,DD,RCB,1,Bangalore,0
Shreyas Iyer,3,52,31,4,3,DD,RCB,1,Bangalore,0
Rishab Pant,4,85,48,6,7,DD,RCB,1,Bangalore,0
Glenn Maxwell,5,4,6,0,0,DD,RCB,1,Bangalore,0
Rahul Thewatia,6,13,9,3,0,DD,RCB,0,Bangalore,0
Chris Morris,7,0,0,0,0,DD,RCB,0,Bangalore,0
Decock,1,18,16,1,1,RCB,DD,1,Bangalore,1
Vohra,2,2,5,0,0,RCB,DD,1,Bangalore,1
Virat Kohli,3,30,26,2,1,RCB,DD,1,Bangalore,1
AB Devilliers,4,90,39,10,5,RCB,DD,0,Bangalore,1
Corey Anderson,5,15,13,0,1,RCB,DD,1,Bangalore,1
Mandeep Singh,6,17,9,1,1,RCB,DD,0,Bangalore,1
Shane Watson,1,9,15,0,1,CSK,SRH,1,Hyderabad,1
Faf Duplessis,2,11,13,1,0,CSK,SRH,1,Hyderabad,1
Suresh Raina,3,54,43,5,2,CSK,SRH,0,Hyderabad,1
Ambati Rayudu,4,79,37,9,4,CSK,SRH,1,Hyderabad,1
MS Dhoni,5,25,12,3,1,CSK,SRH,0,Hyderabad,1
Rickey Bhui,1,0,5,0,0,SRH,CSK,1,Hyderabad,0
Kane Williamson,2,84,51,5,5,SRH,CSK,1,Hyderabad,0
Manish Pandey,3,0,2,0,0,SRH,CSK,1,Hyderabad,0
Deepak Hooda,4,1,7,0,0,SRH,CSK,1,Hyderabad,0
Shakib,5,24,19,2,1,SRH,CSK,1,Hyderabad,0
Yusuf Pathan,6,45,27,1,4,SRH,CSK,1,Hyderabad,0
Saha,7,5,5,0,0,SRH,CSK,0,Hyderabad,0
Rashid Khan,8,17,4,1,2,SRH,CSK,0,Hyderabad,0
SK Yadav,1,72,47,6,3,MI,RR,1,Jaipur,0
Evin Lewis,2,0,1,0,0,MI,RR,1,Jaipur,0
Ishan Kishan,3,58,42,4,3,MI,RR,1,Jaipur,0
Pollard,4,21,20,1,1,MI,RR,0,Jaipur,0
Rohit Sharma,5,0,1,0,0,MI,RR,1,Jaipur,0
Krunal Pandya,6,7,6,1,0,MI,RR,1,Jaipur,0
Hardik Pandya,7,4,2,1,0,MI,RR,1,Jaipur,0
McClenaghan,8,0,1,0,0,MI,RR,1,Jaipur,0
Markhande,9,0,1,0,0,MI,RR,0,Jaipur,0
Ajinkya Rahane,1,14,17,1,0,RR,MI,1,Jaipur,1
Rahul Tripathi,2,9,8,1,0,RR,MI,1,Jaipur,1
Sanju Samson,3,52,39,4,0,RR,MI,1,Jaipur,1
Ben Stokes,4,40,27,3,1,RR,MI,1,Jaipur,1
Jos Butler,5,6,8,0,0,RR,MI,1,Jaipur,1
Klassen,6,0,1,0,0,RR,MI,1,Jaipur,1
Archer,7,8,9,1,0,RR,MI,1,Jaipur,1
K Gowtham,8,33,11,4,2,RR,MI,0,Jaipur,1
Jayadev Unadkat,9,0,0,0,0,RR,MI,0,Jaipur,1
KL Rahul,1,23,15,3,1,KXIP,DD,1,Delhi,1
Aron Finch,2,2,4,0,0,KXIP,DD,1,Delhi,1
Mayank Agarwal,3,21,16,3,0,KXIP,DD,1,Delhi,1
Karun Nair,4,34,32,4,0,KXIP,DD,1,Delhi,1
Yuvraj Singh,5,14,17,1,0,KXIP,DD,1,Delhi,1
David Miller,6,26,19,1,1,KXIP,DD,1,Delhi,1
Ashwin,7,6,7,0,0,KXIP,DD,1,Delhi,1
Andrew Tye,8,3,9,0,0,KXIP,DD,1,Delhi,1
Sran,9,0,1,0,0,KXIP,DD,0,Delhi,1
Prithvi Shaw,1,22,10,4,0,DD,KXIP,1,Delhi,0
Gautam Gambhir,2,4,13,0,0,DD,KXIP,1,Delhi,0
Glenn Maxwell,3,12,10,1,1,DD,KXIP,1,Delhi,0
Shreyas Iyer,4,57,45,5,1,DD,KXIP,1,Delhi,0
Rishab Pant,5,4,7,0,0,DD,KXIP,1,Delhi,0
Dan Christian,6,6,11,0,0,DD,KXIP,1,Delhi,0
Rahul Thewatia,7,24,21,1,1,DD,KXIP,1,Delhi,0
Plunkett,8,0,1,0,0,DD,KXIP,1,Delhi,0
Amit Mishra,9,1,2,0,0,DD,KXIP,0,Delhi,0
Shikhar Dhawan,1,5,6,1,0,SRH,MI,1,Wankhade,1
Kane Williamson,2,29,21,5,0,SRH,MI,1,Wankhade,1
Saha,3,0,2,0,0,SRH,MI,1,Wankhade,1
Manish Pandey,4,16,11,3,0,SRH,MI,1,Wankhade,1
Shakib,5,2,4,0,0,SRH,MI,1,Wankhade,1
Yusuf Pathan,6,29,33,2,1,SRH,MI,1,Wankhade,1
Nabi,7,14,10,2,0,SRH,MI,1,Wankhade,1
Rashid Khan,8,6,9,0,0,SRH,MI,1,Wankhade,1
Thampi,9,3,6,0,0,SRH,MI,1,Wankhade,1
Siddardh Kaul,10,2,9,0,0,SRH,MI,1,Wankhade,1
Sandeep Sharma,11,0,1,0,0,SRH,MI,0,Wankhade,1
SK Yadav,1,34,38,4,0,MI,SRH,1,Wankhade,0
Evin Lewis,2,5,9,1,0,MI,SRH,1,Wankhade,0
Ishan Kishan,3,0,3,0,0,MI,SRH,1,Wankhade,0
Rohit Sharma,4,2,6,0,0,MI,SRH,1,Wankhade,0
Krunal Pandya,5,24,20,4,0,MI,SRH,1,Wankhade,0
Pollard,6,9,6,0,1,MI,SRH,1,Wankhade,0
Hardik Pandya,7,3,19,0,0,MI,SRH,1,Wankhade,0
McClenaghan,8,0,2,0,0,MI,SRH,1,Wankhade,0
Markhande,9,1,2,0,0,MI,SRH,1,Wankhade,0
Bumrah,10,6,5,1,0,MI,SRH,0,Wankhade,0
Mustafizur,11,1,3,0,0,MI,SRH,1,Wankhade,0
Decock,1,53,37,1,4,RCB,CSK,1,Bangalore,0
Virat Kohli,2,18,15,3,0,RCB,CSK,1,Bangalore,0
AB Devilliers,3,68,30,2,8,RCB,CSK,1,Bangalore,0
Corey Anderson,4,2,8,0,0,RCB,CSK,1,Bangalore,0
Mandeep Singh,5,32,17,1,3,RCB,CSK,1,Bangalore,0
Grandhome,6,11,7,1,0,RCB,CSK,1,Bangalore,0
Pawan Negi,7,0,1,0,0,RCB,CSK,1,Bangalore,0
Washington Sunder,8,13,4,1,1,RCB,CSK,0,Bangalore,0
Umesh Yadav,9,0,1,0,0,RCB,CSK,1,Bangalore,0
Siraj,10,0,0,0,0,RCB,CSK,0,Bangalore,0
Shane Watson,1,7,4,0,1,CSK,RCB,1,Bangalore,1
Ambati Rayudu,2,82,53,3,8,CSK,RCB,1,Bangalore,1
Suresh Raina,3,11,9,2,0,CSK,RCB,1,Bangalore,1
Sam Billings,4,9,7,2,0,CSK,RCB,1,Bangalore,1
R Jadeja,5,3,5,0,0,CSK,RCB,1,Bangalore,1
MS Dhoni,6,70,34,1,7,CSK,RCB,0,Bangalore,1
DJ Bravo,7,14,7,1,1,CSK,RCB,0,Bangalore,1
Shikhar Dhawan,1,11,8,2,0,SRH,KXIP,1,Hyderabad,1
Kane Williamson,2,0,3,0,0,SRH,KXIP,1,Hyderabad,1
Saha,3,6,9,1,0,SRH,KXIP,1,Hyderabad,1
Manish Pandey,4,54,51,3,1,SRH,KXIP,1,Hyderabad,1
Shakib,5,28,29,3,0,SRH,KXIP,1,Hyderabad,1
Yusuf Pathan,6,21,19,1,1,SRH,KXIP,0,Hyderabad,1
Nabi,7,4,2,1,0,SRH,KXIP,1,Hyderabad,1
KL Rahul,1,32,26,4,1,KXIP,SRH,1,Hyderabad,0
Chris Gayle,2,23,22,1,2,KXIP,SRH,1,Hyderabad,0
Mayank Agarwal,3,12,15,0,0,KXIP,SRH,1,Hyderabad,0
Karun Nair,4,13,17,0,0,KXIP,SRH,1,Hyderabad,0
Aron Finch,5,8,4,0,1,KXIP,SRH,1,Hyderabad,0
Manoj Tiwari,6,1,5,0,0,KXIP,SRH,1,Hyderabad,0
Ashwin,7,4,6,0,0,KXIP,SRH,1,Hyderabad,0
Andrew Tye,8,4,2,1,0,KXIP,SRH,1,Hyderabad,0
Sran,9,2,5,0,0,KXIP,SRH,1,Hyderabad,0
Ankit Rajpoot,10,8,9,1,0,KXIP,SRH,1,Hyderabad,0
Mujeeb,11,10,5,2,0,KXIP,SRH,0,Hyderabad,0
Prithvi Shaw,1,62,44,7,2,DD,KKR,1,Delhi,1
Colin Munro,2,33,18,4,2,DD,KKR,1,Delhi,1
Shreyas Iyer,3,93,40,3,10,DD,KKR,0,Delhi,1
Rishab Pant,4,0,1,0,0,DD,KKR,1,Delhi,1
Glenn Maxwell,5,27,18,1,2,DD,KKR,1,Delhi,1
Vijay Shankar,6,0,0,0,0,DD,KKR,0,Delhi,1
Chris Lynn,1,5,6,1,0,KKR,DD,1,Delhi,0
Sunil Narine,2,26,9,1,3,KKR,DD,1,Delhi,0
Robin Uthappa,3,1,2,0,0,KKR,DD,1,Delhi,0
Nitesh Rana,4,8,7,1,0,KKR,DD,1,Delhi,0
Dinesh Karthik,5,18,18,0,1,KKR,DD,1,Delhi,0
Shubman Gill,6,37,29,3,1,KKR,DD,1,Delhi,0
Russel,7,44,30,3,4,KKR,DD,1,Delhi,0
Shivam Mavi,8,0,3,0,0,KKR,DD,1,Delhi,0
Chawla,9,2,4,0,0,KKR,DD,1,Delhi,0
Johnson,10,12,6,2,0,KKR,DD,0,Delhi,0
Kuldeep Yadav,11,7,6,1,0,KKR,DD,0,Delhi,0
Shane Watson,1,12,11,1,0,CSK,MI,1,Pune,0
Ambati Rayudu,2,46,35,2,4,CSK,MI,1,Pune,0
Suresh Raina,3,75,47,6,4,CSK,MI,0,Pune,0
MS Dhoni,4,26,21,3,1,CSK,MI,1,Pune,0
DJ Bravo,5,0,1,0,0,CSK,MI,1,Pune,0
Sam Billings,6,3,5,0,0,CSK,MI,1,Pune,0
R Jadeja,7,0,0,0,0,CSK,MI,0,Pune,0
SK Yadav,1,44,34,5,1,MI,CSK,1,Pune,1
Evin Lewis,2,47,43,3,2,MI,CSK,1,Pune,1
Rohit Sharma,3,56,33,6,2,MI,CSK,0,Pune,1
Hardik Pandya,4,13,8,0,1,MI,CSK,0,Pune,1
Hales,1,45,39,4,0,SRH,RR,1,Jaipur,1
Shikhar Dhawan,2,6,4,1,0,SRH,RR,1,Jaipur,1
Kane Williamson,3,63,43,7,2,SRH,RR,1,Jaipur,1
Manish Pandey,4,16,15,1,0,SRH,RR,1,Jaipur,1
Shakib,5,6,6,1,0,SRH,RR,1,Jaipur,1
Yusuf Pathan,6,2,3,0,0,SRH,RR,1,Jaipur,1
Saha,7,11,7,1,0,SRH,RR,0,Jaipur,1
Rashid Khan,8,1,3,0,0,SRH,RR,1,Jaipur,1
Thampi,9,0,0,0,0,SRH,RR,0,Jaipur,1
Ajinkya Rahane,1,65,53,5,1,RR,SRH,0,Jaipur,0
Rahul Tripathi,2,4,5,0,0,RR,SRH,1,Jaipur,0
Sanju Samson,3,40,30,3,1,RR,SRH,1,Jaipur,0
Ben Stokes,4,0,3,0,0,RR,SRH,1,Jaipur,0
Jos Butler,5,10,11,0,0,RR,SRH,1,Jaipur,0
Lomror,6,11,12,0,0,RR,SRH,1,Jaipur,0
K Gowtham,7,8,5,1,0,RR,SRH,1,Jaipur,0
Archer,8,1,1,0,0,RR,SRH,0,Jaipur,0
Decock,1,29,27,3,1,RCB,KKR,1,Bangalore,0
McCullum,2,38,28,4,2,RCB,KKR,1,Bangalore,0
Virat Kohli,3,68,44,5,3,RCB,KKR,0,Bangalore,0
Vohra,4,0,1,0,0,RCB,KKR,1,Bangalore,0
Mandeep Singh,5,19,14,0,2,RCB,KKR,1,Bangalore,0
Grandhome,6,11,6,0,1,RCB,KKR,0,Bangalore,0
Chris Lynn,1,62,52,7,1,KKR,RCB,0,Bangalore,1
Sunil Narine,2,27,19,3,1,KKR,RCB,1,Bangalore,1
Robin Uthappa,3,36,21,3,3,KKR,RCB,1,Bangalore,1
Nitesh Rana,4,15,10,2,0,KKR,RCB,0,Bangalore,1
Russel,5,0,1,0,0,KKR,RCB,1,Bangalore,1
Dinesh Karthik,6,23,10,2,1,KKR,RCB,1,Bangalore,1
Shubman Gill,7,5,2,1,0,KKR,RCB,0,Bangalore,1
Shane Watson,1,78,40,4,7,CSK,DD,1,Pune,1
Faf Duplessis,2,33,33,3,1,CSK,DD,1,Pune,1
Suresh Raina,3,1,2,0,0,CSK,DD,1,Pune,1
Ambati Rayudu,4,41,24,5,1,CSK,DD,1,Pune,1
MS Dhoni,5,51,22,2,5,CSK,DD,0,Pune,1
R Jadeja,6,0,0,0,0,CSK,DD,0,Pune,1
Prithvi Shaw,1,9,5,2,0,DD,CSK,1,Pune,0
Colin Munro,2,26,16,3,2,DD,CSK,1,Pune,0
Shreyas Iyer,3,13,14,1,0,DD,CSK,1,Pune,0
Rishab Pant,4,79,45,7,4,DD,CSK,1,Pune,0
Glenn Maxwell,5,6,5,1,0,DD,CSK,1,Pune,0
Vijay Shankar,6,54,31,1,5,DD,CSK,0,Pune,0
Rahul Thewatia,7,3,4,0,0,DD,CSK,0,Pune,0
Vohra,1,45,31,2,4,RCB,MI,1,Bangalore,1
Decock,2,7,13,1,0,RCB,MI,1,Bangalore,1
McCullum,3,37,25,4,2,RCB,MI,1,Bangalore,1
Virat Kohli,4,32,26,2,1,RCB,MI,1,Bangalore,1
Mandeep Singh,5,14,10,1,1,RCB,MI,1,Bangalore,1
Grandhome,6,23,10,0,3,RCB,MI,0,Bangalore,1
Washington Sunder,7,1,3,0,0,RCB,MI,1,Bangalore,1
Southee,8,1,2,0,0,RCB,MI,1,Bangalore,1
Umesh Yadav,9,1,2,0,0,RCB,MI,0,Bangalore,1
SK Yadav,1,9,9,2,0,MI,RCB,1,Bangalore,0
Ishan Kishan,2,0,1,0,0,MI,RCB,1,Bangalore,0
JP Duminy,3,23,29,3,0,MI,RCB,1,Bangalore,0
Rohit Sharma,4,0,1,0,0,MI,RCB,1,Bangalore,0
Pollard,5,13,13,1,0,MI,RCB,1,Bangalore,0
Hardik Pandya,6,50,42,5,1,MI,RCB,1,Bangalore,0
Krunal Pandya,7,23,19,1,1,MI,RCB,1,Bangalore,0
Ben Cutting,8,12,6,1,1,MI,RCB,0,Bangalore,0
McClenaghan,9,0,0,0,0,MI,RCB,0,Bangalore,0
Prithvi Shaw,1,47,25,4,4,DD,RR,1,Delhi,1
Colin Munro,2,0,1,0,0,DD,RR,1,Delhi,1
Shreyas Iyer,3,50,35,3,3,DD,RR,1,Delhi,1
Rishab Pant,4,69,29,7,5,DD,RR,1,Delhi,1
Glenn Maxwell,5,5,5,0,0,DD,RR,1,Delhi,1
Vijay Shankar,6,17,6,2,1,DD,RR,1,Delhi,1
Plunkett,7,1,2,0,0,DD,RR,0,Delhi,1
Darcy Short,1,44,25,2,4,RR,DD,1,Delhi,0
Jos Butler,2,67,26,4,7,RR,DD,1,Delhi,0
Sanju Samson,3,3,5,0,0,RR,DD,1,Delhi,0
Ben Stokes,4,1,2,0,0,RR,DD,1,Delhi,0
Rahul Tripathi,5,9,8,1,0,RR,DD,1,Delhi,0
K Gowtham,6,18,6,2,1,RR,DD,0,Delhi,0
Archer,7,0,0,0,0,RR,DD,0,Delhi,0
Shane Watson,1,36,25,4,2,CSK,KKR,1,Eden Gardens,0
Faf Duplessis,2,27,15,4,1,CSK,KKR,1,Eden Gardens,0
Suresh Raina,3,31,26,4,0,CSK,KKR,1,Eden Gardens,0
Ambati Rayudu,4,21,17,3,0,CSK,KKR,1,Eden Gardens,0
MS Dhoni,5,43,25,1,4,CSK,KKR,0,Eden Gardens,0
R Jadeja,6,12,12,1,0,CSK,KKR,1,Eden Gardens,0
Karn Sharma,7,0,0,0,0,CSK,KKR,0,Eden Gardens,0
Chris Lynn,1,12,6,0,2,KKR,CSK,1,Eden Gardens,1
Sunil Narine,2,32,20,4,2,KKR,CSK,1,Eden Gardens,1
Robin Uthappa,3,6,8,1,0,KKR,CSK,1,Eden Gardens,1
Shubman Gill,4,57,36,6,2,KKR,CSK,0,Eden Gardens,1
Rinku Singh,5,16,18,2,0,KKR,CSK,1,Eden Gardens,1
Dinesh Karthik,6,45,18,7,1,KKR,CSK,0,Eden Gardens,1
KL Rahul,1,24,20,1,2,KXIP,MI,1,Indore,0
Chris Gayle,2,50,40,6,2,KXIP,MI,1,Indore,0
Yuvraj Singh,3,14,14,0,1,KXIP,MI,1,Indore,0
Karun Nair,4,23,12,1,2,KXIP,MI,1,Indore,0
Axar Patel,5,13,12,0,1,KXIP,MI,1,Indore,0
Marcus Stoinis,6,29,15,2,2,KXIP,MI,0,Indore,0
Mayank Agarwal,7,11,7,0,1,KXIP,MI,1,Indore,0
Ashwin,8,0,0,0,0,KXIP,MI,0,Indore,0
SK Yadav,1,57,42,6,3,MI,KXIP,1,Indore,1
Evin Lewis,2,10,13,0,0,MI,KXIP,1,Indore,1
Ishan Kishan,3,25,19,0,3,MI,KXIP,1,Indore,1
Hardik Pandya,4,23,13,2,1,MI,KXIP,1,Indore,1
Rohit Sharma,5,24,15,1,2,MI,KXIP,0,Indore,1
Krunal Pandya,6,31,12,4,2,MI,KXIP,0,Indore,1
Parthiv Patel,1,53,41,5,2,RCB,CSK,1,Pune,0
McCullum,2,5,3,1,0,RCB,CSK,1,Pune,0
Virat Kohli,3,8,11,1,0,RCB,CSK,1,Pune,0
AB Devilliers,4,1,4,0,0,RCB,CSK,1,Pune,0
Mandeep Singh,5,7,13,0,0,RCB,CSK,1,Pune,0
Grandhome,6,8,8,1,0,RCB,CSK,1,Pune,0
Murugan Ashwin,7,1,2,0,0,RCB,CSK,1,Pune,0
Southee,8,36,26,3,1,RCB,CSK,0,Pune,0
Umesh Yadav,9,1,5,0,0,RCB,CSK,1,Pune,0
Siraj,10,3,7,0,0,RCB,CSK,1,Pune,0
Shane Watson,1,11,14,2,0,CSK,RCB,1,Pune,1
Ambati Rayudu,2,32,25,3,2,CSK,RCB,1,Pune,1
Suresh Raina,3,25,21,2,1,CSK,RCB,1,Pune,1
Dhruv Shorey,4,8,9,0,1,CSK,RCB,1,Pune,1
MS Dhoni,5,31,23,1,3,CSK,RCB,0,Pune,1
DJ Bravo,6,14,17,0,1,CSK,RCB,0,Pune,1
Prithvi Shaw,1,65,36,6,3,DD,SRH,1,Hyderabad,0
Glenn Maxwell,2,2,3,0,0,DD,SRH,1,Hyderabad,0
Shreyas Iyer,3,44,36,3,2,DD,SRH,1,Hyderabad,0
Rishab Pant,4,18,19,1,0,DD,SRH,1,Hyderabad,0
Naman Ojha,5,1,4,0,0,DD,SRH,1,Hyderabad,0
Vijay Shankar,6,23,13,1,1,DD,SRH,0,Hyderabad,0
Dan Christian,7,7,9,0,0,DD,SRH,0,Hyderabad,0
Hales,1,45,31,3,3,SRH,DD,1,Hyderabad,1
Shikhar Dhawan,2,33,30,2,1,SRH,DD,1,Hyderabad,1
Kane Williamson,3,32,30,0,1,SRH,DD,0,Hyderabad,1
Manish Pandey,4,21,17,2,0,SRH,DD,1,Hyderabad,1
Yusuf Pathan,5,27,12,2,2,SRH,DD,0,Hyderabad,1
SK Yadav,1,59,39,7,2,MI,KKR,1,Wankhade,1
Evin Lewis,2,43,28,5,2,MI,KKR,1,Wankhade,1
Rohit Sharma,3,11,11,1,0,MI,KKR,1,Wankhade,1
Hardik Pandya,4,35,20,4,1,MI,KKR,0,Wankhade,1
Krunal Pandya,5,14,11,1,1,MI,KKR,1,Wankhade,1
JP Duminy,6,13,11,0,1,MI,KKR,0,Wankhade,1
Chris Lynn,1,17,13,4,0,KKR,MI,1,Wankhade,0
Shubman Gill,2,7,5,1,0,KKR,MI,1,Wankhade,0
Robin Uthappa,3,54,35,6,3,KKR,MI,1,Wankhade,0
Nitesh Rana,4,31,27,3,1,KKR,MI,1,Wankhade,0
Dinesh Karthik,5,36,26,5,1,KKR,MI,0,Wankhade,0
Russel,6,9,10,1,0,KKR,MI,1,Wankhade,0
Sunil Narine,7,5,4,1,0,KKR,MI,1,Wankhade,0
Chawla,8,0,0,0,0,KKR,MI,0,Wankhade,0
Jos Butler,1,51,39,7,0,RR,KXIP,1,Indore,0
Darcy Short,2,2,2,0,0,RR,KXIP,1,Indore,0
Ajinkya Rahane,3,5,7,0,0,RR,KXIP,1,Indore,0
Sanju Samson,4,28,23,2,1,RR,KXIP,1,Indore,0
Ben Stokes,5,12,9,2,0,RR,KXIP,1,Indore,0
Rahul Tripathi,6,11,13,1,0,RR,KXIP,1,Indore,0
Archer,7,0,1,0,0,RR,KXIP,1,Indore,0
K Gowtham,8,5,3,1,0,RR,KXIP,1,Indore,0
Shreyas Gopal,9,24,16,3,0,RR,KXIP,1,Indore,0
Jayadev Unadkat,10,6,7,0,0,RR,KXIP,0,Indore,0
KL Rahul,1,84,54,7,3,KXIP,RR,0,Indore,1
Chris Gayle,2,8,11,2,0,KXIP,RR,1,Indore,1
Mayank Agarwal,3,2,3,0,0,KXIP,RR,1,Indore,1
Karun Nair,4,31,23,2,2,KXIP,RR,1,Indore,1
Axar Patel,5,4,5,0,0,KXIP,RR,1,Indore,1
Marcus Stoinis,6,23,16,2,1,KXIP,RR,0,Indore,1
Hales,1,5,5,1,0,SRH,RCB,1,Hyderabad,1
Shikhar Dhawan,2,13,19,1,0,SRH,RCB,1,Hyderabad,1
Kane Williamson,3,56,39,5,2,SRH,RCB,1,Hyderabad,1
Manish Pandey,4,5,7,0,0,SRH,RCB,1,Hyderabad,1
Shakib,5,35,32,5,0,SRH,RCB,1,Hyderabad,1
Yusuf Pathan,6,12,7,2,0,SRH,RCB,1,Hyderabad,1
Saha,7,8,5,0,1,SRH,RCB,1,Hyderabad,1
Rashid Khan,8,1,3,0,0,SRH,RCB,1,Hyderabad,1
Bhuvi,9,1,2,0,0,SRH,RCB,0,Hyderabad,1
Siddardh Kaul,10,1,1,0,0,SRH,RCB,1,Hyderabad,1
Sandeep Sharma,11,0,1,0,0,SRH,RCB,1,Hyderabad,1
Vohra,1,8,10,0,0,RCB,SRH,1,Hyderabad,0
Parthiv Patel,2,20,13,4,0,RCB,SRH,1,Hyderabad,0
Virat Kohli,3,39,30,5,1,RCB,SRH,1,Hyderabad,0
AB Devilliers,4,5,8,0,0,RCB,SRH,1,Hyderabad,0
Moen Ali,5,10,7,2,0,RCB,SRH,1,Hyderabad,0
Mandeep Singh,6,21,23,1,0,RCB,SRH,0,Hyderabad,0
Grandhome,7,33,29,1,2,RCB,SRH,1,Hyderabad,0
Ajinkya Rahane,1,9,10,1,0,RR,KXIP,1,Jaipur,1
Jos Butler,2,82,58,9,1,RR,KXIP,1,Jaipur,1
K Gowtham,3,8,6,0,1,RR,KXIP,1,Jaipur,1
Sanju Samson,4,22,18,1,1,RR,KXIP,1,Jaipur,1
Ben Stokes,5,14,11,1,0,RR,KXIP,1,Jaipur,1
Binny,6,11,7,0,1,RR,KXIP,1,Jaipur,1
Lomror,7,9,9,1,0,RR,KXIP,0,Jaipur,1
Archer,8,0,1,0,0,RR,KXIP,1,Jaipur,1
Jayadev Unadkat,9,0,1,0,0,RR,KXIP,1,Jaipur,1
KL Rahul,1,95,70,11,2,KXIP,RR,0,Jaipur,0
Chris Gayle,2,1,1,0,0,KXIP,RR,1,Jaipur,0
Ashwin,3,0,2,0,0,KXIP,RR,1,Jaipur,0
Karun Nair,4,3,5,0,0,KXIP,RR,1,Jaipur,0
Akshadeep Nath,5,9,13,1,0,KXIP,RR,1,Jaipur,0
Manoj Tiwari,6,7,8,0,0,KXIP,RR,1,Jaipur,0
Axar Patel,7,9,5,1,0,KXIP,RR,1,Jaipur,0
Marcus Stoinis,8,11,16,0,0,KXIP,RR,1,Jaipur,0
Andrew Tye,9,1,1,0,0,KXIP,RR,0,Jaipur,0
SK Yadav,1,36,32,5,1,MI,KKR,1,Eden Gardens,1
Evin Lewis,2,18,13,3,0,MI,KKR,1,Eden Gardens,1
Rohit Sharma,3,36,31,2,1,MI,KKR,1,Eden Gardens,1
Ishan Kishan,4,62,21,5,6,MI,KKR,1,Eden Gardens,1
Hardik Pandya,5,19,13,0,2,MI,KKR,1,Eden Gardens,1
Ben Cutting,6,24,9,1,3,MI,KKR,1,Eden Gardens,1
Krunal Pandya,7,8,2,0,1,MI,KKR,0,Eden Gardens,1
JP Duminy,8,0,0,0,0,MI,KKR,0,Eden Gardens,1
Sunil Narine,1,4,2,1,0,KKR,MI,1,Eden Gardens,0
Chris Lynn,2,21,15,3,1,KKR,MI,1,Eden Gardens,0
Robin Uthappa,3,14,13,0,2,KKR,MI,1,Eden Gardens,0
Nitesh Rana,4,21,19,2,1,KKR,MI,1,Eden Gardens,0
Russel,5,2,4,0,0,KKR,MI,1,Eden Gardens,0
Dinesh Karthik,6,5,3,1,0,KKR,MI,1,Eden Gardens,0
Rinku Singh,7,5,3,1,0,KKR,MI,1,Eden Gardens,0
Tom Curran,8,18,17,3,0,KKR,MI,1,Eden Gardens,0
Chawla,9,11,13,1,0,KKR,MI,1,Eden Gardens,0
Kuldeep Yadav,10,5,15,0,0,KKR,MI,1,Eden Gardens,0
Prasidh Krishna,11,1,5,0,0,KKR,MI,0,Eden Gardens,0
Prithvi Shaw,1,9,11,1,0,DD,SRH,1,Delhi,0
Jason Roy,2,11,13,2,0,DD,SRH,1,Delhi,0
Shreyas Iyer,3,3,8,0,0,DD,SRH,1,Delhi,0
Rishab Pant,4,128,63,15,7,DD,SRH,0,Delhi,0
Harshal Patel,5,24,17,0,2,DD,SRH,1,Delhi,0
Glenn Maxwell,6,9,8,1,0,DD,SRH,1,Delhi,0
Vijay Shankar,7,0,0,0,0,DD,SRH,0,Delhi,0
Hales,1,14,10,3,0,SRH,DD,1,Delhi,1
Shikhar Dhawan,2,92,50,9,4,SRH,DD,0,Delhi,1
Kane Williamson,3,83,53,8,2,SRH,DD,0,Delhi,1
Shane Watson,1,39,31,2,2,CSK,RR,1,Jaipur,0
Ambati Rayudu,2,12,9,2,0,CSK,RR,1,Jaipur,0
Suresh Raina,3,52,35,6,1,CSK,RR,1,Jaipur,0
MS Dhoni,4,33,23,1,1,CSK,RR,0,Jaipur,0
Sam Billings,5,27,22,3,0,CSK,RR,1,Jaipur,0
DJ Bravo,6,1,1,0,0,CSK,RR,0,Jaipur,0
Jos Butler,1,95,60,11,2,RR,CSK,0,Jaipur,1
Ben Stokes,2,11,7,1,1,RR,CSK,1,Jaipur,1
Ajinkya Rahane,3,4,3,1,0,RR,CSK,1,Jaipur,1
Sanju Samson,4,21,22,2,0,RR,CSK,1,Jaipur,1
P Chopra,5,8,6,2,0,RR,CSK,1,Jaipur,1
Binny,6,22,17,1,1,RR,CSK,1,Jaipur,1
K Gowtham,7,13,4,0,2,RR,CSK,1,Jaipur,1
Archer,8,0,0,0,0,RR,CSK,0,Jaipur,1
Chris Lynn,1,27,17,2,2,KKR,KXIP,1,Indore,1
Sunil Narine,2,75,36,9,4,KKR,KXIP,1,Indore,1
Robin Uthappa,3,24,17,2,1,KKR,KXIP,1,Indore,1
Russel,4,31,14,2,3,KKR,KXIP,1,Indore,1
Dinesh Karthik,5,50,23,5,3,KKR,KXIP,1,Indore,1
Nitesh Rana,6,11,4,1,1,KKR,KXIP,1,Indore,1
Shubman Gill,7,16,8,3,0,KKR,KXIP,0,Indore,1
Searles,8,6,1,0,1,KKR,KXIP,0,Indore,1
KL Rahul,1,66,29,2,7,KXIP,KKR,1,Indore,0
Chris Gayle,2,21,17,2,1,KXIP,KKR,1,Indore,0
Mayank Agarwal,3,0,1,0,0,KXIP,KKR,1,Indore,0
Karun Nair,4,3,6,0,0,KXIP,KKR,1,Indore,0
Aron Finch,5,34,20,0,3,KXIP,KKR,1,Indore,0
Axar Patel,6,19,11,2,1,KXIP,KKR,1,Indore,0
Ashwin,7,45,22,4,3,KXIP,KKR,1,Indore,0
Andrew Tye,8,14,10,1,1,KXIP,KKR,1,Indore,0
Sran,9,1,1,0,0,KXIP,KKR,0,Indore,0
Mohit Sharma,10,4,3,1,0,KXIP,KKR,0,Indore,0
Prithvi Shaw,1,2,4,0,0,DD,RCB,1,Delhi,0
Jason Roy,2,12,9,1,1,DD,RCB,1,Delhi,0
Shreyas Iyer,3,32,35,3,0,DD,RCB,1,Delhi,0
Rishab Pant,4,61,34,5,4,DD,RCB,1,Delhi,0
Vijay Shankar,5,21,20,2,0,DD,RCB,0,Delhi,0
Abhishek Sharma,6,46,19,3,4,DD,RCB,0,Delhi,0
Parthiv Patel,1,6,8,1,0,RCB,DD,1,Delhi,1
Moen Ali,2,1,3,0,0,RCB,DD,1,Delhi,1
Virat Kohli,3,70,40,7,3,RCB,DD,1,Delhi,1
AB Devilliers,4,72,37,4,6,RCB,DD,0,Delhi,1
Mandeep Singh,5,13,14,0,1,RCB,DD,1,Delhi,1
Sarfraz Khan,6,11,8,2,0,RCB,DD,1,Delhi,1
Grandhome,7,3,4,0,0,RCB,DD,0,Delhi,1
Shikhar Dhawan,1,79,49,10,3,SRH,CSK,1,Pune,0
Hales,2,2,9,0,0,SRH,CSK,1,Pune,0
Kane Williamson,3,51,39,5,2,SRH,CSK,1,Pune,0
Manish Pandey,4,5,6,0,0,SRH,CSK,1,Pune,0
Deepak Hooda,5,21,11,1,1,SRH,CSK,0,Pune,0
Shakib,6,8,6,1,0,SRH,CSK,0,Pune,0
Shane Watson,1,57,35,5,3,CSK,SRH,1,Pune,1
Ambati Rayudu,2,100,62,7,7,CSK,SRH,0,Pune,1
Suresh Raina,3,2,3,0,0,CSK,SRH,1,Pune,1
MS Dhoni,4,20,14,1,1,CSK,SRH,0,Pune,1
SK Yadav,1,38,31,7,0,MI,RR,1,Wankhade,0
Evin Lewis,2,60,42,4,4,MI,RR,1,Wankhade,0
Rohit Sharma,3,0,1,0,0,MI,RR,1,Wankhade,0
Ishan Kishan,4,12,11,1,0,MI,RR,1,Wankhade,0
Hardik Pandya,5,36,21,3,2,MI,RR,1,Wankhade,0
Krunal Pandya,6,3,7,0,0,MI,RR,1,Wankhade,0
Ben Cutting,7,10,7,0,1,MI,RR,0,Wankhade,0
JP Duminy,8,0,0,0,0,MI,RR,0,Wankhade,0
Darcy Short,1,4,5,1,0,RR,MI,1,Wankhade,1
Jos Butler,2,94,53,9,5,RR,MI,0,Wankhade,1
Ajinkya Rahane,3,37,36,4,0,RR,MI,1,Wankhade,1
Sanju Samson,4,26,14,2,2,RR,MI,1,Wankhade,1
Ben Stokes,5,0,0,0,0,RR,MI,0,Wankhade,1
KL Rahul,1,21,15,0,3,KXIP,RCB,1,Indore,0
Chris Gayle,2,18,14,4,0,KXIP,RCB,1,Indore,0
Karun Nair,3,1,3,0,0,KXIP,RCB,1,Indore,0
Aron Finch,4,26,23,1,2,KXIP,RCB,1,Indore,0
Marcus Stoinis,5,2,3,0,0,KXIP,RCB,1,Indore,0
Mayank Agarwal,6,2,6,0,0,KXIP,RCB,1,Indore,0
Axar Patel,7,9,13,0,0,KXIP,RCB,0,Indore,0
Ashwin,8,0,1,0,0,KXIP,RCB,1,Indore,0
Andrew Tye,9,0,3,0,0,KXIP,RCB,1,Indore,0
Mohit Sharma,10,3,5,0,0,KXIP,RCB,1,Indore,0
Ankit Rajpoot,11,1,5,0,0,KXIP,RCB,1,Indore,0
Virat Kohli,1,48,28,6,2,RCB,KXIP,0,Indore,1
Parthiv Patel,2,40,22,7,0,RCB,KXIP,0,Indore,1
Rahul Tripathi,1,27,15,4,1,RR,KKR,1,Eden Gardens,0
Jos Butler,2,39,22,5,2,RR,KKR,1,Eden Gardens,0
Ajinkya Rahane,3,11,12,1,0,RR,KKR,1,Eden Gardens,0
Sanju Samson,4,12,10,2,0,RR,KKR,1,Eden Gardens,0
Ben Stokes,5,11,13,0,0,RR,KKR,1,Eden Gardens,0
Binny,6,1,4,0,0,RR,KKR,1,Eden Gardens,0
K Gowtham,7,3,5,0,0,RR,KKR,1,Eden Gardens,0
Jayadev Unadkat,8,26,18,3,1,RR,KKR,1,Eden Gardens,0
Ish Sodhi,9,1,6,0,0,RR,KKR,1,Eden Gardens,0
Archer,10,6,5,1,0,RR,KKR,1,Eden Gardens,0
Anureet Singh,11,3,4,0,0,RR,KKR,0,Eden Gardens,0
Sunil Narine,1,21,7,2,2,KKR,RR,1,Eden Gardens,1
Chris Lynn,2,45,42,5,1,KKR,RR,1,Eden Gardens,1
Robin Uthappa,3,4,6,0,0,KKR,RR,1,Eden Gardens,1
Nitesh Rana,4,21,17,2,1,KKR,RR,1,Eden Gardens,1
Dinesh Karthik,5,41,31,5,1,KKR,RR,0,Eden Gardens,1
Russel,6,11,5,2,0,KKR,RR,0,Eden Gardens,1
SK Yadav,1,27,15,3,2,MI,KXIP,1,Wankhade,1
Evin Lewis,2,9,7,0,1,MI,KXIP,1,Wankhade,1
Ishan Kishan,3,20,12,1,2,MI,KXIP,1,Wankhade,1
Rohit Sharma,4,6,10,0,0,MI,KXIP,1,Wankhade,1
Krunal Pandya,5,32,23,1,2,MI,KXIP,1,Wankhade,1
Pollard,6,50,23,5,3,MI,KXIP,1,Wankhade,1
Hardik Pandya,7,9,12,0,0,MI,KXIP,1,Wankhade,1
Ben Cutting,8,4,7,0,0,MI,KXIP,1,Wankhade,1
McClenaghan,9,11,7,1,1,MI,KXIP,0,Wankhade,1
Markhande,10,7,5,1,0,MI,KXIP,0,Wankhade,1
KL Rahul,1,94,60,10,3,KXIP,MI,1,Wankhade,0
Chris Gayle,2,18,11,2,1,KXIP,MI,1,Wankhade,0
Aron Finch,3,46,35,3,1,KXIP,MI,1,Wankhade,0
Marcus Stoinis,4,1,2,0,0,KXIP,MI,1,Wankhade,0
Axar Patel,5,10,8,0,1,KXIP,MI,0,Wankhade,0
Yuvraj Singh,6,1,3,0,0,KXIP,MI,1,Wankhade,0
Manoj Tiwari,7,4,1,1,0,KXIP,MI,0,Wankhade,0
Parthiv Patel,1,1,4,0,0,RCB,SRH,1,Bangalore,1
Virat Kohli,2,12,11,2,0,RCB,SRH,1,Bangalore,1
AB Devilliers,3,69,39,12,1,RCB,SRH,1,Bangalore,1
Moen Ali,4,65,34,2,6,RCB,SRH,1,Bangalore,1
Grandhome,5,40,17,1,4,RCB,SRH,1,Bangalore,1
Mandeep Singh,6,4,6,0,0,RCB,SRH,1,Bangalore,1
Sarfraz Khan,7,22,8,3,1,RCB,SRH,0,Bangalore,1
Southee,8,1,1,0,0,RCB,SRH,0,Bangalore,1
Shikhar Dhawan,1,18,15,0,2,SRH,RCB,1,Bangalore,0
Hales,2,37,24,2,3,SRH,RCB,1,Bangalore,0
Kane Williamson,3,81,42,7,5,SRH,RCB,1,Bangalore,0
Manish Pandey,4,62,38,7,2,SRH,RCB,0,Bangalore,0
Deepak Hooda,5,1,1,0,0,SRH,RCB,0,Bangalore,0
Prithvi Shaw,1,17,17,1,1,DD,CSK,1,Delhi,1
Shreyas Iyer,2,19,22,3,0,DD,CSK,1,Delhi,1
Rishab Pant,3,38,26,3,2,DD,CSK,1,Delhi,1
Glenn Maxwell,4,5,7,0,0,DD,CSK,1,Delhi,1
Vijay Shankar,5,36,28,2,2,DD,CSK,0,Delhi,1
Abhishek Sharma,6,2,4,0,0,DD,CSK,1,Delhi,1
Harshal Patel,7,36,16,1,4,DD,CSK,0,Delhi,1
Shane Watson,1,14,23,0,1,CSK,DD,1,Delhi,0
Ambati Rayudu,2,50,29,4,4,CSK,DD,1,Delhi,0
Suresh Raina,3,15,18,1,0,CSK,DD,1,Delhi,0
MS Dhoni,4,17,23,1,0,CSK,DD,1,Delhi,0
Sam Billings,5,1,5,0,0,CSK,DD,1,Delhi,0
R Jadeja,6,27,18,0,2,CSK,DD,0,Delhi,0
DJ Bravo,7,1,2,0,0,CSK,DD,1,Delhi,0
Deepak Chahar,8,1,2,0,0,CSK,DD,0,Delhi,0
Rahul Tripathi,1,80,58,5,3,RR,RCB,0,Jaipur,1
Archer,2,0,4,0,0,RR,RCB,1,Jaipur,1
Ajinkya Rahane,3,33,31,3,0,RR,RCB,1,Jaipur,1
Sanju Samson,4,0,1,0,0,RR,RCB,1,Jaipur,1
Klassen,5,32,21,3,1,RR,RCB,1,Jaipur,1
K Gowtham,6,14,5,0,2,RR,RCB,1,Jaipur,1
Virat Kohli,1,4,9,0,0,RCB,RR,1,Jaipur,0
Parthiv Patel,2,33,21,3,2,RCB,RR,1,Jaipur,0
AB Devilliers,3,53,35,7,0,RCB,RR,1,Jaipur,0
Moen Ali,4,1,2,0,0,RCB,RR,1,Jaipur,0
Mandeep Singh,5,3,4,0,0,RCB,RR,1,Jaipur,0
Grandhome,6,2,3,0,0,RCB,RR,1,Jaipur,0
Sarfraz Khan,7,7,8,1,0,RCB,RR,1,Jaipur,0
Southee,8,14,17,2,0,RCB,RR,1,Jaipur,0
Umesh Yadav,9,0,1,0,0,RCB,RR,1,Jaipur,0
Siraj,10,14,12,2,0,RCB,RR,1,Jaipur,0
Chahal,11,0,4,0,0,RCB,RR,0,Jaipur,0
Shikhar Dhawan,1,50,39,5,1,SRH,KKR,1,Hyderabad,0
Goswami,2,35,26,4,1,SRH,KKR,1,Hyderabad,0
Kane Williamson,3,36,17,1,3,SRH,KKR,1,Hyderabad,0
Manish Pandey,4,25,22,2,1,SRH,KKR,1,Hyderabad,0
Yusuf Pathan,5,2,4,0,0,SRH,KKR,1,Hyderabad,0
Brathwaite,6,3,4,0,0,SRH,KKR,1,Hyderabad,0
Shakib,7,10,7,2,0,SRH,KKR,1,Hyderabad,0
Rashid Khan,8,0,1,0,0,SRH,KKR,1,Hyderabad,0
Bhuvi,9,0,1,0,0,SRH,KKR,1,Hyderabad,0
Siddardh Kaul,10,0,0,0,0,SRH,KKR,0,Hyderabad,0
Chris Lynn,1,55,43,4,3,KKR,SRH,1,Hyderabad,1
Sunil Narine,2,29,10,4,2,KKR,SRH,1,Hyderabad,1
Robin Uthappa,3,45,34,3,2,KKR,SRH,1,Hyderabad,1
Dinesh Karthik,4,26,22,1,1,KKR,SRH,0,Hyderabad,1
Russel,5,4,4,1,0,KKR,SRH,1,Hyderabad,1
Nitesh Rana,6,7,5,1,0,KKR,SRH,1,Hyderabad,1
Shubman Gill,7,0,0,0,0,KKR,SRH,0,Hyderabad,1
Prithvi Shaw,1,12,8,2,0,DD,MI,1,Delhi,1
Glenn Maxwell,2,22,18,4,0,DD,MI,1,Delhi,1
Shreyas Iyer,3,6,10,0,0,DD,MI,1,Delhi,1
Rishab Pant,4,64,44,4,4,DD,MI,1,Delhi,1
Vijay Shankar,5,43,30,3,2,DD,MI,0,Delhi,1
Abhishek Sharma,6,15,10,0,1,DD,MI,0,Delhi,1
SK Yadav,1,12,4,1,1,MI,DD,1,Delhi,0
Evin Lewis,2,48,31,3,4,MI,DD,1,Delhi,0
Ishan Kishan,3,5,13,0,0,MI,DD,1,Delhi,0
Pollard,4,7,7,0,0,MI,DD,1,Delhi,0
Rohit Sharma,5,13,11,1,0,MI,DD,1,Delhi,0
Krunal Pandya,6,4,3,1,0,MI,DD,1,Delhi,0
Hardik Pandya,7,27,17,2,1,MI,DD,1,Delhi,0
Ben Cutting,8,37,20,2,3,MI,DD,1,Delhi,0
Markhande,9,3,10,0,0,MI,DD,1,Delhi,0
Bumrah,10,0,1,0,0,MI,DD,1,Delhi,0
Mustafizur,11,0,0,0,0,MI,DD,0,Delhi,0
KL Rahul,1,7,11,1,0,KXIP,CSK,1,Pune,0
Chris Gayle,2,0,2,0,0,KXIP,CSK,1,Pune,0
Aron Finch,3,4,6,1,0,KXIP,CSK,1,Pune,0
Manoj Tiwari,4,35,30,3,1,KXIP,CSK,1,Pune,0
David Miller,5,24,22,1,1,KXIP,CSK,1,Pune,0
Karun Nair,6,54,26,3,5,KXIP,CSK,1,Pune,0
Axar Patel,7,14,12,0,1,KXIP,CSK,1,Pune,0
Ashwin,8,0,1,0,0,KXIP,CSK,1,Pune,0
Andrew Tye,9,0,2,0,0,KXIP,CSK,1,Pune,0
Mohit Sharma,10,2,3,0,0,KXIP,CSK,0,Pune,0
Ankit Rajpoot,11,2,4,0,0,KXIP,CSK,1,Pune,0
Ambati Rayudu,1,1,3,0,0,CSK,KXIP,1,Pune,1
Faf Duplessis,2,14,15,3,0,CSK,KXIP,1,Pune,1
Suresh Raina,3,61,48,4,2,CSK,KXIP,0,Pune,1
Sam Billings,4,0,1,0,0,CSK,KXIP,1,Pune,1
Harbhajan Singh,5,19,22,2,1,CSK,KXIP,1,Pune,1
Deepak Chahar,6,39,20,1,3,CSK,KXIP,1,Pune,1
MS Dhoni,7,16,7,1,1,CSK,KXIP,0,Pune,1
Shikhar Dhawan,1,0,1,0,0,SRH,CSK,1,Wankhade,0
Goswami,2,12,9,2,0,SRH,CSK,1,Wankhade,0
Kane Williamson,3,24,15,4,0,SRH,CSK,1,Wankhade,0
Manish Pandey,4,8,16,0,0,SRH,CSK,1,Wankhade,0
Shakib,5,12,10,2,0,SRH,CSK,1,Wankhade,0
Yusuf Pathan,6,24,29,3,0,SRH,CSK,1,Wankhade,0
Brathwaite,7,43,29,1,4,SRH,CSK,0,Wankhade,0
Bhuvi,8,7,11,0,0,SRH,CSK,1,Wankhade,0
Shane Watson,1,0,5,0,0,CSK,SRH,1,Wankhade,1
Faf Duplessis,2,67,42,5,4,CSK,SRH,0,Wankhade,1
Suresh Raina,3,22,13,4,0,CSK,SRH,1,Wankhade,1
Ambati Rayudu,4,0,1,0,0,CSK,SRH,1,Wankhade,1
MS Dhoni,5,9,18,1,0,CSK,SRH,1,Wankhade,1
DJ Bravo,6,7,11,0,0,CSK,SRH,1,Wankhade,1
R Jadeja,7,3,5,0,0,CSK,SRH,1,Wankhade,1
Deepak Chahar,8,10,6,0,1,CSK,SRH,1,Wankhade,1
Harbhajan Singh,9,2,9,0,0,CSK,SRH,1,Wankhade,1
Shardul Thakur,10,15,5,3,0,CSK,SRH,0,Wankhade,1
Sunil Narine,1,4,2,1,0,KKR,RR,1,Eden Gardens,1
Chris Lynn,2,18,22,2,0,KKR,RR,1,Eden Gardens,1
Robin Uthappa,3,3,7,0,0,KKR,RR,1,Eden Gardens,1
Nitesh Rana,4,3,5,0,0,KKR,RR,1,Eden Gardens,1
Dinesh Karthik,5,52,38,4,2,KKR,RR,1,Eden Gardens,1
Shubman Gill,6,28,17,3,1,KKR,RR,1,Eden Gardens,1
Russel,7,49,25,3,5,KKR,RR,0,Eden Gardens,1
Searles,8,2,5,0,0,KKR,RR,1,Eden Gardens,1
Chawla,9,0,0,0,0,KKR,RR,0,Eden Gardens,1
Ajinkya Rahane,1,46,41,4,1,RR,KKR,1,Eden Gardens,0
Rahul Tripathi,2,20,13,1,2,RR,KKR,1,Eden Gardens,0
Sanju Samson,3,50,38,4,2,RR,KKR,1,Eden Gardens,0
Klassen,4,18,18,1,0,RR,KKR,0,Eden Gardens,0
Binny,5,0,3,0,0,RR,KKR,1,Eden Gardens,0
K Gowtham,6,9,7,1,0,RR,KKR,0,Eden Gardens,0
Saha,1,35,27,5,0,SRH,KKR,1,Eden Gardens,1
Shikhar Dhawan,2,34,24,4,1,SRH,KKR,1,Eden Gardens,1
Kane Williamson,3,3,3,0,0,SRH,KKR,1,Eden Gardens,1
Shakib,4,28,24,4,0,SRH,KKR,1,Eden Gardens,1
Deepak Hooda,5,19,19,0,1,SRH,KKR,1,Eden Gardens,1
Yusuf Pathan,6,3,7,0,0,SRH,KKR,1,Eden Gardens,1
Brathwaite,7,8,4,0,1,SRH,KKR,1,Eden Gardens,1
Rashid Khan,8,34,10,2,4,SRH,KKR,0,Eden Gardens,1
Bhuvi,9,5,2,1,0,SRH,KKR,0,Eden Gardens,1
Chris Lynn,1,48,31,6,2,KKR,SRH,1,Eden Gardens,0
Sunil Narine,2,26,13,4,1,KKR,SRH,1,Eden Gardens,0
Nitesh Rana,3,22,16,1,2,KKR,SRH,1,Eden Gardens,0
Robin Uthappa,4,2,8,0,0,KKR,SRH,1,Eden Gardens,0
Dinesh Karthik,5,8,6,1,0,KKR,SRH,1,Eden Gardens,0
Shubman Gill,6,30,20,2,1,KKR,SRH,1,Eden Gardens,0
Russel,7,3,7,0,0,KKR,SRH,1,Eden Gardens,0
Chawla,8,12,12,0,1,KKR,SRH,1,Eden Gardens,0
Shivam Mavi,9,6,4,1,0,KKR,SRH,1,Eden Gardens,0
Kuldeep Yadav,10,0,3,0,0,KKR,SRH,0,Eden Gardens,0
Prasidh Krishna,11,0,0,0,0,KKR,SRH,0,Eden Gardens,0
Goswami,1,5,5,0,0,SRH,CSK,1,Wankhade,0
Shikhar Dhawan,2,26,25,2,1,SRH,CSK,1,Wankhade,0
Kane Williamson,3,47,36,5,2,SRH,CSK,1,Wankhade,0
Shakib,4,23,15,2,1,SRH,CSK,1,Wankhade,0
Yusuf Pathan,5,45,25,4,2,SRH,CSK,0,Wankhade,0
Deepak Hooda,6,3,4,0,0,SRH,CSK,1,Wankhade,0
Brathwaite,7,21,11,0,3,SRH,CSK,1,Wankhade,0
Shane Watson,1,117,57,11,8,CSK,SRH,0,Wankhade,1
Faf Duplessis,2,10,11,1,0,CSK,SRH,1,Wankhade,1
Suresh Raina,3,32,24,3,1,CSK,SRH,1,Wankhade,1
Ambati Rayudu,4,16,19,1,1,CSK,SRH,0,Wankhade,1
